time_sec,cos_sim_adjacent
1.001000,0.905395
2.002000,0.665232
3.003000,0.777540
4.004000,0.919118
5.005000,0.658983
6.006000,0.648613
7.007000,0.894429
8.008000,0.864162
9.009000,0.982935
10.010000,0.832998
11.011000,0.890919
12.012000,0.690566
13.013000,0.675235
14.014000,0.970560
15.015000,0.979129
16.016000,0.987681
17.017000,0.889140
18.018000,0.944418
19.019000,0.963669
20.020000,0.769044
21.021000,0.735944
22.022000,0.688096
23.023000,0.972390
24.024000,0.660039
25.025000,0.773378
26.026000,0.734825
27.027000,0.737554
28.028000,0.974390
29.029000,0.978932
30.030000,0.977845
31.031000,0.988829
32.032000,0.983276
33.033000,0.966861
34.034000,0.972244
35.035000,0.983013
36.036000,0.977417
37.037000,0.959175
38.038000,0.943287
39.039000,0.883315
40.040000,0.984245
41.041000,0.823809
42.042000,0.931237
43.043000,0.949737
44.044000,0.895505
45.045000,0.871065
46.046000,0.930925
47.047000,0.811459
48.048000,0.967829
49.049000,0.931801
50.050000,0.718131
51.051000,0.989024
52.052000,0.714677
53.053000,0.969203
54.054000,0.954934
55.055000,0.947209
56.056000,0.945229
57.057000,0.965788
58.058000,0.981135
59.059000,0.967047
60.060000,0.952543
61.061000,0.879233
62.062000,0.957397
63.063000,0.938523
64.064000,0.947463
65.065000,0.882173
66.066000,0.947515
67.067000,0.973525
68.068000,0.951349
69.069000,0.953300
70.070000,0.937597
71.071000,0.943535
72.072000,0.923802
73.073000,0.981931
74.074000,0.859860
75.075000,0.937311
76.076000,0.953971
77.077000,0.886766
78.078000,0.704812
79.079000,0.709204
80.080000,0.977156
81.081000,0.947196
82.082000,0.650496
83.083000,0.993044
84.084000,0.700327
85.085000,0.767169
86.086000,0.921740
87.087000,0.865956
88.088000,0.950252
89.089000,0.960442
90.090000,0.960543
91.091000,0.675646
92.092000,0.980263
93.093000,0.674661
94.094000,0.933441
95.095000,0.918147
96.096000,0.818880
97.097000,0.904460
98.098000,0.933480
99.099000,0.928293
100.100000,0.922110
101.101000,0.925202
102.102000,0.936186
103.103000,0.945578
104.104000,0.841012
105.105000,0.719903
106.106000,0.951881
107.107000,0.753894
108.108000,0.952680
109.109000,0.739070
110.110000,0.975323
111.111000,0.828329
112.112000,0.932743
113.113000,0.918441
114.114000,0.831091
115.115000,0.970477
116.116000,0.966511
117.117000,0.962773
118.118000,0.947580
119.119000,0.931904
120.120000,0.937568
121.121000,0.974465
122.122000,0.965504
123.123000,0.783581
124.124000,0.652961
125.125000,0.929519
126.126000,0.928837
127.127000,0.947795
128.128000,0.783484
129.129000,0.908221
130.130000,0.960683
131.131000,0.665485
132.132000,0.611291
133.133000,0.948246
134.134000,0.625338
135.135000,0.965955
136.136000,0.960716
137.137000,0.938598
138.138000,0.814420
139.139000,0.871268
140.140000,0.928796
141.141000,0.761132
142.142000,0.768841
143.143000,0.940075
144.144000,0.972685
145.145000,0.768636
146.146000,0.706013
147.147000,0.967998
148.148000,0.957583
149.149000,0.753224
150.150000,0.968250
151.151000,0.965239
152.152000,0.964356
153.153000,0.716118
154.154000,0.966915
155.155000,0.944432
156.156000,0.946485
157.157000,0.668221
158.158000,0.964779
159.159000,0.944765
160.160000,0.667915
161.161000,0.853294
162.162000,0.740811
163.163000,0.979112
164.164000,0.749968
165.165000,0.969823
166.166000,0.805241
167.167000,0.787642
168.168000,0.977215
169.169000,0.562929
170.170000,0.986934
171.171000,0.739415
172.172000,0.953791
173.173000,0.794608
174.174000,0.886847
175.175000,0.918958
176.176000,0.717561
177.177000,0.710241
178.178000,0.978483
179.179000,0.736326
180.180000,0.958525
181.181000,0.934598
182.182000,0.941109
183.183000,0.600618
184.184000,0.955867
185.185000,0.963747
186.186000,0.975925
187.187000,0.740458
188.188000,0.990443
189.189000,0.771776
190.190000,0.953007
191.191000,0.930870
192.192000,0.652513
193.193000,0.984429
194.194000,0.980586
195.195000,0.986377
196.196000,0.986790
197.197000,0.976853
198.198000,0.660837
199.199000,0.968161
200.200000,0.990747
201.201000,0.995251
202.202000,0.978212
203.203000,0.686839
204.204000,0.969142
205.205000,0.687513
206.206000,0.947632
207.207000,0.658707
208.208000,0.860064
209.209000,0.659945
210.210000,0.920023
211.211000,0.739968
212.212000,0.970645
213.213000,0.962415
214.214000,0.684901
215.215000,0.994717
216.216000,0.995877
217.217000,0.990700
218.218000,0.650613
219.219000,0.983259
220.220000,0.678708
221.221000,0.918192
222.222000,0.678785
223.223000,0.681661
224.224000,0.878252
225.225000,0.730758
226.226000,0.881406
227.227000,0.948211
228.228000,0.877879
229.229000,0.948641
230.230000,0.772689
231.231000,0.950460
232.232000,0.630397
233.233000,0.925843
234.234000,0.980580
235.235000,0.657309
236.236000,0.916794
237.237000,0.680921
238.238000,0.726455
239.239000,0.842237
240.240000,0.926306
241.241000,0.676302
242.242000,0.949597
243.243000,0.733701
244.244000,0.875652
245.245000,0.700708
246.246000,0.924810
247.247000,0.706695
248.248000,0.888407
249.249000,0.759699
250.250000,0.876131
251.251000,0.893051
252.252000,0.890912
253.253000,0.743594
254.254000,0.883283
255.255000,0.681630
256.256000,0.910339
257.257000,0.631344
258.258000,0.973152
259.259000,0.904802
260.260000,0.706345
261.261000,0.969022
262.262000,0.714906
263.263000,0.728037
264.264000,0.927560
265.265000,0.785969
266.266000,0.705702
267.267000,0.881910
268.268000,0.594680
269.269000,0.687713
270.270000,0.534702
271.271000,0.691558
272.272000,0.949613
273.273000,0.746930
274.274000,0.971206
275.275000,0.577392
276.276000,0.571358
277.277000,0.979187
278.278000,0.761359
279.279000,0.682192
280.280000,0.922586
281.281000,0.891054
282.282000,0.990891
283.283000,0.690895
284.284000,0.951237
285.285000,0.623427
286.286000,0.903532
287.287000,0.985405
288.288000,0.609922
289.289000,0.609641
290.290000,0.982023
291.291000,0.620104
292.292000,0.596031
293.293000,0.976507
294.294000,0.963354
295.295000,0.952975
296.296000,0.648738
297.297000,0.697081
298.298000,0.978410
299.299000,0.861459
300.300000,0.666854
301.301000,0.790047
302.302000,0.983598
303.303000,0.697110
304.304000,0.946137
305.305000,0.618445
306.306000,0.982554
307.307000,0.719206
308.308000,0.973592
309.309000,0.668399
310.310000,0.987289
311.311000,0.683619
312.312000,0.948515
313.313000,0.627241
314.314000,0.874754
315.315000,0.917298
316.316000,0.798993
317.317000,0.843024
318.318000,0.908094
319.319000,0.914987
320.320000,0.933053
321.321000,0.893013
322.322000,0.943709
323.323000,0.950762
324.324000,0.925868
325.325000,0.747343
326.326000,0.907288
327.327000,0.720352
328.328000,0.940228
329.329000,0.681703
330.330000,0.885932
331.331000,0.722327
332.332000,0.907900
333.333000,0.953523
334.334000,0.929806
335.335000,0.747661
336.336000,0.922045
337.337000,0.741330
338.338000,0.887808
339.339000,0.785228
340.340000,0.941139
341.341000,0.961333
342.342000,0.774545
343.343000,0.893265
344.344000,0.950161
345.345000,0.792337
346.346000,0.945807
347.347000,0.667328
348.348000,0.613926
349.349000,0.832008
350.350000,0.840013
351.351000,0.946902
352.352000,0.928948
353.353000,0.953727
354.354000,0.965636
355.355000,0.881308
356.356000,0.954005
357.357000,0.981695
358.358000,0.740466
359.359000,0.897969
360.360000,0.763602
361.361000,0.797015
362.362000,0.901231
363.363000,0.726239
364.364000,0.814278
365.365000,0.708556
366.366000,0.954730
367.367000,0.805914
368.368000,0.881546
369.369000,0.875198
370.370000,0.837098
371.371000,0.850080
372.372000,0.836589
373.373000,0.689156
374.374000,0.903619
375.375000,0.763921
376.376000,0.667193
377.377000,0.910042
378.378000,0.975060
379.379000,0.810093
380.380000,0.844602
381.381000,0.967028
382.382000,0.956960
383.383000,0.829670
384.384000,0.982960
385.385000,0.974791
386.386000,0.831981
387.387000,0.929792
388.388000,0.896256
389.389000,0.703831
390.390000,0.982223
391.391000,0.967667
392.392000,0.738162
393.393000,0.896867
394.394000,0.913439
395.395000,0.784608
396.396000,0.920734
397.397000,0.950658
398.398000,0.973855
399.399000,0.966488
400.400000,0.859393
401.401000,0.956341
402.402000,0.717032
403.403000,0.775839
404.404000,0.732676
405.405000,0.943646
406.406000,0.577550
407.407000,0.649482
408.408000,0.936835
409.409000,0.941336
410.410000,0.850090
411.411000,0.962573
412.412000,0.977652
413.413000,0.967969
414.414000,0.760707
415.415000,0.884749
416.416000,0.845235
417.417000,0.949838
418.418000,0.932376
419.419000,0.845799
420.420000,0.946156
421.421000,0.936699
422.422000,0.827276
423.423000,0.931946
424.424000,0.884329
425.425000,0.951612
426.426000,0.973361
427.427000,0.965273
428.428000,0.934162
429.429000,0.871199
430.430000,0.927725
431.431000,0.942088
432.432000,0.810835
433.433000,0.873804
434.434000,0.649668
435.435000,0.887135
436.436000,0.663387
437.437000,0.941670
438.438000,0.819011
439.439000,0.965618
440.440000,0.765615
441.441000,0.962599
442.442000,0.969483
443.443000,0.775976
444.444000,0.946866
445.445000,0.944965
446.446000,0.693546
447.447000,0.958751
448.448000,0.705787
449.449000,0.835691
450.450000,0.909069
451.451000,0.633819
452.452000,0.638774
453.453000,0.921409
454.454000,0.994561
455.455000,0.938794
456.456000,0.950943
457.457000,0.972451
458.458000,0.622923
459.459000,0.977980
460.460000,0.993474
461.461000,0.655515
462.462000,0.641948
463.463000,0.968176
464.464000,0.992735
465.465000,0.980669
466.466000,0.689042
467.467000,0.962775
468.468000,0.729051
469.469000,0.976941
470.470000,0.762313
471.471000,0.933465
472.472000,0.985986
473.473000,0.711605
474.474000,0.720901
475.475000,0.964972
476.476000,0.687014
477.477000,0.734150
478.478000,0.942957
479.479000,0.600556
480.480000,0.912496
481.481000,0.859887
482.482000,0.693861
483.483000,0.997488
484.484000,0.887393
485.485000,0.952755
486.486000,0.930890
487.487000,0.781616
488.488000,0.928667
489.489000,0.918087
490.490000,0.892738
491.491000,0.913303
492.492000,0.890095
493.493000,0.865616
494.494000,0.933533
495.495000,0.517927
496.496000,0.971423
497.497000,0.541509
498.498000,0.927316
499.499000,0.882224
500.500000,0.854144
501.501000,0.884363
502.502000,0.877671
503.503000,0.796263
504.504000,0.796372
505.505000,0.833196
506.506000,0.776821
507.507000,0.932555
508.508000,0.855926
509.509000,0.815282
510.510000,0.916486
511.511000,0.931804
512.512000,0.872857
513.513000,0.917970
514.514000,0.896331
515.515000,0.855009
516.516000,0.847192
517.517000,0.851396
518.518000,0.909488
519.519000,0.842293
520.520000,0.721294
521.521000,0.888478
522.522000,0.800604
523.523000,0.985702
524.524000,0.999998
525.525000,0.761575
526.526000,0.934168
527.527000,0.936906
528.528000,0.888145
529.529000,0.919021
530.530000,0.912118
531.531000,0.813582
532.532000,0.897994
533.533000,0.895801
534.534000,0.888254
535.535000,0.832977
536.536000,0.934593
537.537000,0.854903
538.538000,0.529590
539.539000,0.985071
540.540000,0.462432
541.541000,0.902321
542.542000,0.920553
543.543000,0.859044
544.544000,0.898870
545.545000,0.949377
546.546000,0.948041
547.547000,0.926910
548.548000,0.880377
549.549000,0.836822
550.550000,0.675798
551.551000,0.658307
552.552000,0.942510
553.553000,0.925475
554.554000,0.913725
555.555000,0.708211
556.556000,0.714015
557.557000,0.909706
558.558000,0.938896
559.559000,0.899740
560.560000,0.942225
561.561000,0.934988
562.562000,0.841148
563.563000,0.927539
564.564000,0.919140
565.565000,0.944332
566.566000,0.900690
567.567000,0.512391
568.568000,0.511265
569.569000,0.836621
570.570000,0.783289
571.571000,0.876051
572.572000,0.941390
573.573000,0.908276
574.574000,0.941325
575.575000,0.814715
576.576000,0.897787
577.577000,0.828591
578.578000,0.980719
579.579000,0.648158
580.580000,0.727171
581.581000,0.514180
582.582000,0.867135
583.583000,0.832206
584.584000,0.780110
585.585000,0.930109
586.586000,0.943393
587.587000,0.842063
588.588000,0.916799
589.589000,0.818001
590.590000,0.942858
591.591000,0.727288
592.592000,0.723670
593.593000,0.940114
594.594000,0.945759
595.595000,0.739423
596.596000,0.680447
597.597000,0.721230
598.598000,0.963797
599.599000,0.761487
600.600000,0.695551
601.601000,0.994722
602.602000,0.994868
603.603000,0.623785
604.604000,0.974487
605.605000,0.633988
606.606000,0.942936
607.607000,0.581027
608.608000,0.630221
609.609000,0.907743
610.610000,0.730298
611.611000,0.732328
612.612000,0.940876
613.613000,0.737289
614.614000,0.764145
615.615000,0.690560
616.616000,0.639791
617.617000,0.960526
618.618000,0.695394
619.619000,0.912513
620.620000,0.721022
621.621000,0.953827
622.622000,0.620204
623.623000,0.845190
624.624000,0.717970
625.625000,0.815682
626.626000,0.706326
627.627000,0.919784
628.628000,0.708879
629.629000,0.643138
630.630000,0.792604
631.631000,0.839796
632.632000,0.817271
633.633000,0.875873
634.634000,0.714563
635.635000,0.705626
636.636000,0.871484
637.637000,0.707390
638.638000,0.803157
639.639000,0.681999
640.640000,0.698483
641.641000,0.783193
642.642000,0.894747
643.643000,0.753236
644.644000,0.784702
645.645000,0.741348
646.646000,0.950298
647.647000,0.949627
648.648000,0.818835
649.649000,0.905228
650.650000,0.710977
651.651000,0.960735
652.652000,0.789633
653.653000,0.952602
654.654000,0.650673
655.655000,0.750129
656.656000,0.661473
657.657000,0.540877
658.658000,0.957880
659.659000,0.724207
660.660000,0.727717
661.661000,0.959633
662.662000,0.671153
663.663000,0.928383
664.664000,0.972477
665.665000,0.741150
666.666000,0.953924
667.667000,0.685218
668.668000,0.903005
669.669000,0.714651
670.670000,0.712194
671.671000,0.970002
672.672000,0.785395
673.673000,0.741214
674.674000,0.984923
675.675000,0.719042
676.676000,0.978234
677.677000,0.983232
678.678000,0.672028
679.679000,0.587522
680.680000,0.956212
681.681000,0.834053
682.682000,0.988257
683.683000,0.597555
684.684000,0.790464
685.685000,0.586430
686.686000,0.978250
687.687000,0.965842
688.688000,0.720028
689.689000,0.976118
690.690000,0.956985
691.691000,0.965162
692.692000,0.811715
693.693000,0.965904
694.694000,0.962473
695.695000,0.907486
696.696000,0.890407
697.697000,0.765512
698.698000,0.962037
699.699000,0.978089
700.700000,0.794290
701.701000,0.963584
702.702000,0.976833
703.703000,0.974391
704.704000,0.867699
705.705000,0.888319
706.706000,0.933727
707.707000,0.783252
708.708000,0.982360
709.709000,0.971828
710.710000,0.965235
711.711000,0.975222
712.712000,0.963714
713.713000,0.980703
714.714000,0.977981
715.715000,0.962234
716.716000,0.986207
717.717000,0.823506
718.718000,0.858336
719.719000,0.959872
720.720000,0.963341
721.721000,0.978854
722.722000,0.989837
723.723000,0.974849
724.724000,0.933883
725.725000,0.930166
726.726000,0.960572
727.727000,0.961034
728.728000,0.978289
729.729000,0.983707
730.730000,0.977778
731.731000,0.963371
732.732000,0.762520
733.733000,0.884953
734.734000,0.903771
735.735000,0.632916
736.736000,0.660615
737.737000,0.924024
738.738000,0.924793
739.739000,0.795303
740.740000,0.967026
741.741000,0.973909
742.742000,0.788208
743.743000,0.678454
744.744000,0.815396
745.745000,0.755512
746.746000,0.954910
747.747000,0.772713
748.748000,0.960413
749.749000,0.960161
750.750000,0.964731
751.751000,0.958787
752.752000,0.960606
753.753000,0.960097
754.754000,0.679878
755.755000,0.941197
756.756000,0.770581
757.757000,0.859302
758.758000,0.931367
759.759000,0.802961
760.760000,0.907077
761.761000,0.892873
762.762000,0.928002
763.763000,0.906846
764.764000,0.907320
765.765000,0.645680
766.766000,0.760177
767.767000,0.636352
768.768000,0.911936
769.769000,0.938785
770.770000,0.936948
771.771000,0.954737
772.772000,0.753969
773.773000,0.927856
774.774000,0.959254
775.775000,0.946988
776.776000,0.780572
777.777000,0.935197
778.778000,0.915170
779.779000,0.909481
780.780000,0.740707
781.781000,0.985948
782.782000,0.690943
783.783000,0.880776
784.784000,0.889312
785.785000,0.652871
786.786000,0.842302
787.787000,0.977247
788.788000,0.983308
789.789000,0.953259
790.790000,0.836906
791.791000,0.953473
792.792000,0.916038
793.793000,0.875640
794.794000,0.942060
795.795000,0.898706
796.796000,0.827431
797.797000,0.869038
798.798000,0.842266
799.799000,0.806998
800.800000,0.910879
801.801000,0.816202
802.802000,0.944646
803.803000,0.967277
804.804000,0.971025
805.805000,0.772515
806.806000,0.934866
807.807000,0.893676
808.808000,0.763578
809.809000,0.973920
810.810000,0.694682
811.811000,0.790937
812.812000,0.828442
813.813000,0.976807
814.814000,0.952044
815.815000,0.826803
816.816000,0.904261
817.817000,0.759854
818.818000,0.973119
819.819000,0.523580
820.820000,0.888927
821.821000,0.679211
822.822000,0.979045
823.823000,0.931175
824.824000,0.959018
825.825000,0.764112
826.826000,0.888942
827.827000,0.949478
828.828000,0.598812
829.829000,0.966605
830.830000,0.640937
831.831000,0.844618
832.832000,0.707434
833.833000,0.975490
834.834000,0.655091
835.835000,0.957086
836.836000,0.734485
837.837000,0.865802
838.838000,0.886173
839.839000,0.690942
840.840000,0.699530
841.841000,0.952259
842.842000,0.656902
843.843000,0.705949
844.844000,0.840310
845.845000,0.662545
846.846000,0.700350
847.847000,0.946414
848.848000,0.639158
849.849000,0.762521
850.850000,0.747456
851.851000,0.769410
852.852000,0.729551
853.853000,0.942147
854.854000,0.628136
855.855000,0.965640
856.856000,0.690093
857.857000,0.648790
858.858000,0.946923
859.859000,0.632858
860.860000,0.828988
861.861000,0.701822
862.862000,0.697061
863.863000,0.868343
864.864000,0.643147
865.865000,0.804912
866.866000,0.758198
867.867000,0.961814
868.868000,0.607593
869.869000,0.966228
870.870000,0.758474
871.871000,0.940714
872.872000,0.759778
873.873000,0.949967
874.874000,0.779310
875.875000,0.966352
876.876000,0.827664
877.877000,0.900210
878.878000,0.702711
879.879000,0.685336
880.880000,0.963616
881.881000,0.680731
882.882000,0.911067
883.883000,0.684344
884.884000,0.963772
885.885000,0.658773
886.886000,0.605797
887.887000,0.642909
888.888000,0.704035
889.889000,0.731000
890.890000,0.939129
891.891000,0.716713
892.892000,0.910981
893.893000,0.646704
894.894000,0.931670
895.895000,0.695945
896.896000,0.707313
897.897000,0.968849
898.898000,0.667249
899.899000,0.637041
900.900000,0.691407
901.901000,0.856047
902.902000,0.692053
903.903000,0.539735
904.904000,0.939351
905.905000,0.971956
906.906000,0.954332
907.907000,0.668699
908.908000,0.966415
909.909000,0.530353
910.910000,0.980900
911.911000,0.527936
912.912000,0.777523
913.913000,0.889454
914.914000,0.750709
915.915000,0.945649
916.916000,0.722287
917.917000,0.669340
918.918000,0.926414
919.919000,0.679309
920.920000,0.836328
921.921000,0.816918
922.922000,0.665652
923.923000,0.703023
924.924000,0.892124
925.925000,0.682562
926.926000,0.665302
927.927000,0.920094
928.928000,0.715168
929.929000,0.810062
930.930000,0.718806
931.931000,0.966395
932.932000,0.646336
933.933000,0.672266
934.934000,0.940970
935.935000,0.679605
936.936000,0.942909
937.937000,0.708318
938.938000,0.632897
939.939000,0.928787
940.940000,0.612152
941.941000,0.718604
942.942000,0.638422
943.943000,0.585296
944.944000,0.978230
945.945000,0.741192
946.946000,0.775390
947.947000,0.953208
948.948000,0.780923
949.949000,0.779952
950.950000,0.839310
951.951000,0.706988
952.952000,0.718245
953.953000,0.958004
954.954000,0.459976
955.955000,0.569170
956.956000,0.980767
957.957000,0.979465
958.958000,0.880829
959.959000,0.643586
960.960000,0.730472
961.961000,0.990792
962.962000,0.650820
963.963000,0.544989
964.964000,0.964610
965.965000,0.808023
966.966000,0.596665
967.967000,0.612547
968.968000,0.961951
969.969000,0.563645
970.970000,0.983226
971.971000,0.572923
972.972000,0.955608
973.973000,0.962767
974.974000,0.886694
975.975000,0.961281
976.976000,0.797189
977.977000,0.748755
978.978000,0.936555
979.979000,0.857947
980.980000,0.957471
981.981000,0.681202
982.982000,0.666841
983.983000,0.604773
984.984000,0.989237
985.985000,0.710971
986.986000,0.980631
987.987000,0.784967
988.988000,0.983505
989.989000,0.566953
990.990000,0.972064
991.991000,0.734625
992.992000,0.953154
993.993000,0.659617
994.994000,0.669604
995.995000,0.924024
996.996000,0.927930
997.997000,0.615696
998.998000,0.991331
999.999000,0.694936
1001.000000,0.801875
1002.001000,0.966340
1003.002000,0.636644
1004.003000,0.925618
1005.004000,0.666570
1006.005000,0.968964
1007.006000,0.989321
1008.007000,0.753726
1009.008000,0.976846
1010.009000,0.755714
1011.010000,0.983815
1012.011000,0.984925
1013.012000,0.626094
1014.013000,0.626392
1015.014000,0.728236
1016.015000,0.924972
1017.016000,0.634790
1018.017000,0.739004
1019.018000,0.676982
1020.019000,0.968722
1021.020000,0.968506
1022.021000,0.975153
1023.022000,0.828341
1024.023000,0.979548
1025.024000,0.628489
1026.025000,0.978578
1027.026000,0.711377
1028.027000,0.992015
1029.028000,0.622581
1030.029000,0.958633
1031.030000,0.910453
1032.031000,0.728798
1033.032000,0.968765
1034.033000,0.948202
1035.034000,0.973958
1036.035000,0.627184
1037.036000,0.610738
1038.037000,0.888815
1039.038000,0.896352
1040.039000,0.811402
1041.040000,0.648854
1042.041000,0.735399
1043.042000,0.898541
1044.043000,0.846857
1045.044000,0.863168
1046.045000,0.951431
1047.046000,0.730397
1048.047000,0.826018
1049.048000,0.603687
1050.049000,0.806908
1051.050000,0.620363
1052.051000,0.655094
1053.052000,0.929656
1054.053000,0.781224
1055.054000,0.549824
1056.055000,0.856679
1057.056000,0.688753
1058.057000,0.558007
1059.058000,0.864995
1060.059000,0.836830
1061.060000,0.924642
1062.061000,0.598577
1063.062000,0.637917
1064.063000,0.759269
1065.064000,0.938184
1066.065000,0.959481
1067.066000,0.868332
1068.067000,0.946740
1069.068000,0.718268
1070.069000,0.672654
1071.070000,0.690610
1072.071000,0.648676
1073.072000,0.604171
1074.073000,0.916811
1075.074000,0.875239
1076.075000,0.627077
1077.076000,0.706870
1078.077000,0.708979
1079.078000,0.655679
1080.079000,0.697536
1081.080000,0.973445
1082.081000,0.827737
1083.082000,0.959388
1084.083000,0.981746
1085.084000,0.983072
1086.085000,0.979311
1087.086000,0.855716
1088.087000,0.580046
1089.088000,0.667356
1090.089000,0.608119
1091.090000,0.768147
1092.091000,0.694611
1093.092000,0.654951
1094.093000,0.892251
1095.094000,0.852562
1096.095000,0.781616
1097.096000,0.655418
1098.097000,0.698218
1099.098000,0.804615
1100.099000,0.956036
1101.100000,0.852022
1102.101000,0.896308
1103.102000,0.757387
1104.103000,0.536973
1105.104000,0.622938
1106.105000,0.894029
1107.106000,0.793717
1108.107000,0.915036
1109.108000,0.805604
1110.109000,0.642471
1111.110000,0.675566
1112.111000,0.861543
1113.112000,0.881147
1114.113000,0.693847
1115.114000,0.930539
1116.115000,0.671779
1117.116000,0.701829
1118.117000,0.575080
1119.118000,0.814643
1120.119000,0.955888
1121.120000,0.932303
1122.121000,0.861852
1123.122000,0.675540
1124.123000,0.712677
1125.124000,0.884721
1126.125000,0.635769
1127.126000,0.679880
1128.127000,0.889308
1129.128000,0.867240
1130.129000,0.636434
1131.130000,0.661711
1132.131000,0.843846
1133.132000,0.864156
1134.133000,0.940316
1135.134000,0.950040
1136.135000,0.935879
1137.136000,0.918404
1138.137000,0.944306
1139.138000,0.936280
1140.139000,0.785152
1141.140000,0.763464
1142.141000,0.826833
1143.142000,0.882056
1144.143000,0.707972
1145.144000,0.902618
1146.145000,0.699479
1147.146000,0.877930
1148.147000,0.866939
1149.148000,0.913061
1150.149000,0.745215
1151.150000,0.737733
1152.151000,0.946523
1153.152000,0.929499
1154.153000,0.737817
1155.154000,0.917869
1156.155000,0.898475
1157.156000,0.727760
1158.157000,0.940331
1159.158000,0.841682
1160.159000,0.546673
1161.160000,0.953474
1162.161000,0.738373
1163.162000,0.982834
1164.163000,0.652006
1165.164000,0.662268
1166.165000,0.733686
1167.166000,0.833170
1168.167000,0.954342
1169.168000,0.820825
1170.169000,0.958692
1171.170000,0.719772
1172.171000,0.607601
1173.172000,0.977801
1174.173000,0.694515
1175.174000,0.959573
1176.175000,0.619713
1177.176000,0.961821
1178.177000,0.739491
1179.178000,0.959505
1180.179000,0.932646
1181.180000,0.949899
1182.181000,0.597684
1183.182000,0.984599
1184.183000,0.603093
1185.184000,0.950700
1186.185000,0.831140
1187.186000,0.652948
1188.187000,0.663198
1189.188000,0.938035
1190.189000,0.637944
1191.190000,0.994264
1192.191000,0.992086
1193.192000,0.613311
1194.193000,0.940232
1195.194000,0.940436
1196.195000,0.953596
1197.196000,0.606261
1198.197000,0.694168
1199.198000,0.732616
1200.199000,0.869758
1201.200000,0.764789
1202.201000,0.879255
1203.202000,0.899480
1204.203000,0.604541
1205.204000,0.969933
1206.205000,0.649954
1207.206000,0.991879
1208.207000,0.721450
1209.208000,0.725120
1210.209000,0.979432
1211.210000,0.965848
1212.211000,0.969347
1213.212000,0.981858
1214.213000,0.971561
1215.214000,0.755133
1216.215000,0.938207
1217.216000,0.920989
1218.217000,0.892914
1219.218000,0.891881
1220.219000,0.894180
1221.220000,0.715028
1222.221000,0.963820
1223.222000,0.958682
1224.223000,0.642202
1225.224000,0.641160
1226.225000,0.946872
1227.226000,0.742612
1228.227000,0.813822
1229.228000,0.832947
1230.229000,0.768513
1231.230000,0.954529
1232.231000,0.734246
1233.232000,0.928314
1234.233000,0.754553
1235.234000,0.646907
1236.235000,0.850105
1237.236000,0.672179
1238.237000,0.974946
1239.238000,0.986434
1240.239000,0.697994
1241.240000,0.944499
1242.241000,0.703469
1243.242000,0.846160
1244.243000,0.904423
1245.244000,0.562314
1246.245000,0.590423
1247.246000,0.923227
1248.247000,0.885692
1249.248000,0.935330
1250.249000,0.945893
1251.250000,0.762645
1252.251000,0.609309
1253.252000,0.662026
1254.253000,0.900530
1255.254000,0.856520
1256.255000,0.887329
1257.256000,0.697157
1258.257000,0.981922
1259.258000,0.775747
1260.259000,0.929847
1261.260000,0.776974
1262.261000,0.901971
1263.262000,0.855245
1264.263000,0.900289
1265.264000,0.655131
1266.265000,0.970171
1267.266000,0.745653
1268.267000,0.928955
1269.268000,0.934855
1270.269000,0.796801
1271.270000,0.838560
1272.271000,0.832789
1273.272000,0.672152
1274.273000,0.970565
1275.274000,0.688296
1276.275000,0.940115
1277.276000,0.910968
1278.277000,0.691651
1279.278000,0.917110
1280.279000,0.748776
1281.280000,0.819513
1282.281000,0.927752
1283.282000,0.886809
1284.283000,0.872901
1285.284000,0.927446
1286.285000,0.566061
1287.286000,0.538972
1288.287000,0.927860
1289.288000,0.886472
1290.289000,0.911153
1291.290000,0.803749
1292.291000,0.917643
1293.292000,0.871410
1294.293000,0.691377
1295.294000,0.687759
1296.295000,0.904519
1297.296000,0.799614
1298.297000,0.761149
1299.298000,0.713577
1300.299000,0.582958
1301.300000,0.954231
1302.301000,0.975246
1303.302000,0.777089
1304.303000,0.895400
1305.304000,0.874444
1306.305000,0.901630
1307.306000,0.687798
1308.307000,0.966874
1309.308000,0.790517
1310.309000,0.859860
1311.310000,0.646383
1312.311000,0.978877
1313.312000,0.695103
1314.313000,0.923695
1315.314000,0.762072
1316.315000,0.712032
1317.316000,0.971440
1318.317000,0.649538
1319.318000,0.756698
1320.319000,0.946491
1321.320000,0.878811
1322.321000,0.752067
1323.322000,0.901996
1324.323000,0.813181
1325.324000,0.937632
1326.325000,0.719697
1327.326000,0.932345
1328.327000,0.618824
1329.328000,0.746441
1330.329000,0.753642
1331.330000,0.915597
1332.331000,0.666411
1333.332000,0.670762
1334.333000,0.914838
1335.334000,0.787898
1336.335000,0.900764
1337.336000,0.737206
1338.337000,0.805238
1339.338000,0.987170
1340.339000,0.949737
1341.340000,0.630785
1342.341000,0.941555
1343.342000,0.945592
1344.343000,0.687737
1345.344000,0.708701
1346.345000,0.959047
1347.346000,0.669287
1348.347000,0.945271
1349.348000,0.906701
1350.349000,0.939420
1351.350000,0.888904
1352.351000,0.590996
1353.352000,0.950064
1354.353000,0.780442
1355.354000,0.564424
1356.355000,0.923725
1357.356000,0.592031
1358.357000,0.952850
1359.358000,0.727012
1360.359000,0.857782
1361.360000,0.785947
1362.361000,0.932018
1363.362000,0.914208
1364.363000,0.757728
1365.364000,0.913192
1366.365000,0.913592
1367.366000,0.821073
1368.367000,0.931192
1369.368000,0.956381
1370.369000,0.814645
1371.370000,0.930622
1372.371000,0.611267
1373.372000,0.574733
1374.373000,0.788998
1375.374000,0.764819
1376.375000,0.612368
1377.376000,0.933377
1378.377000,0.516251
1379.378000,0.877155
1380.379000,0.665243
1381.380000,0.585734
1382.381000,0.858768
1383.382000,0.635720
1384.383000,0.743508
1385.384000,0.924129
1386.385000,0.696842
1387.386000,0.866473
1388.387000,0.635198
1389.388000,0.670951
1390.389000,0.894206
1391.390000,0.742728
1392.391000,0.740464
1393.392000,0.919790
1394.393000,0.719220
1395.394000,0.851200
1396.395000,0.773096
1397.396000,0.917840
1398.397000,0.908103
1399.398000,0.885448
1400.399000,0.958051
1401.400000,0.822108
1402.401000,0.943044
1403.402000,0.799587
1404.403000,0.965543
1405.404000,0.945850
1406.405000,0.907359
1407.406000,0.930249
1408.407000,0.671982
1409.408000,0.686270
1410.409000,0.765382
1411.410000,0.644886
1412.411000,0.859003
1413.412000,0.677451
1414.413000,0.973941
1415.414000,0.684650
1416.415000,0.856755
1417.416000,0.637953
1418.417000,0.890357
1419.418000,0.849833
1420.419000,0.731023
1421.420000,0.822201
1422.421000,0.683085
1423.422000,0.939950
1424.423000,0.717972
1425.424000,0.955357
1426.425000,0.665217
1427.426000,0.642173
1428.427000,0.586832
1429.428000,0.962692
1430.429000,0.973748
1431.430000,0.790553
1432.431000,0.819091
1433.432000,0.951914
1434.433000,0.830640
1435.434000,0.933059
1436.435000,0.741791
1437.436000,0.686085
1438.437000,0.922104
1439.438000,0.600413
1440.439000,0.976731
1441.440000,0.660230
1442.441000,0.871590
1443.442000,0.826944
1444.443000,0.831464
1445.444000,0.707016
1446.445000,0.672283
1447.446000,0.682011
1448.447000,0.726272
1449.448000,0.694103
1450.449000,0.623619
1451.450000,0.936136
1452.451000,0.974238
1453.452000,0.974824
1454.453000,0.786668
1455.454000,0.887657
1456.455000,0.926370
1457.456000,0.786866
1458.457000,0.918887
1459.458000,0.942378
1460.459000,0.931459
1461.460000,0.933998
1462.461000,0.917558
1463.462000,0.701530
1464.463000,0.667761
1465.464000,0.953205
1466.465000,0.960138
1467.466000,0.963693
1468.467000,0.959588
1469.468000,0.957852
1470.469000,0.952087
1471.470000,0.937276
1472.471000,0.945841
1473.472000,0.688182
1474.473000,0.630619
1475.474000,0.923641
1476.475000,0.920304
1477.476000,0.897739
1478.477000,0.605912
1479.478000,0.600681
1480.479000,0.945648
1481.480000,0.948142
1482.481000,0.902265
1483.482000,0.930422
1484.483000,0.692669
1485.484000,0.964912
1486.485000,0.724251
1487.486000,0.676252
1488.487000,0.925184
1489.488000,0.913467
1490.489000,0.906222
1491.490000,0.908313
1492.491000,0.883432
1493.492000,0.681367
1494.493000,0.948252
1495.494000,0.970053
1496.495000,0.979276
1497.496000,0.801574
1498.497000,0.941977
1499.498000,0.917342
1500.499000,0.894480
1501.500000,0.928981
1502.501000,0.738410
1503.502000,0.898215
1504.503000,0.932480
1505.504000,0.764776
1506.505000,0.947616
1507.506000,0.952599
1508.507000,0.961605
1509.508000,0.866821
1510.509000,0.931376
1511.510000,0.746150
1512.511000,0.975616
1513.512000,0.971844
1514.513000,0.980902
1515.514000,0.976641
1516.515000,0.980720
1517.516000,0.805119
1518.517000,0.903360
1519.518000,0.953033
1520.519000,0.763041
1521.520000,0.978159
1522.521000,0.961432
1523.522000,0.722998
1524.523000,0.874501
1525.524000,0.975349
1526.525000,0.704863
1527.526000,0.928788
1528.527000,0.924948
1529.528000,0.921175
1530.529000,0.884734
1531.530000,0.897174
1532.531000,0.916888
1533.532000,0.944692
1534.533000,0.955799
1535.534000,0.687684
1536.535000,0.689758
1537.536000,0.856394
1538.537000,0.871702
1539.538000,0.821948
1540.539000,0.794305
1541.540000,0.945316
1542.541000,0.952004
1543.542000,0.948454
1544.543000,0.737663
1545.544000,0.951565
1546.545000,0.717957
1547.546000,0.842677
1548.547000,0.815001
1549.548000,0.912732
1550.549000,0.761706
1551.550000,0.822702
1552.551000,0.790161
1553.552000,0.921755
1554.553000,0.822104
1555.554000,0.957019
1556.555000,0.700749
1557.556000,0.675857
1558.557000,0.947740
1559.558000,0.931597
1560.559000,0.871518
1561.560000,0.948591
1562.561000,0.945653
1563.562000,0.950220
1564.563000,0.704314
1565.564000,0.674655
1566.565000,0.878216
1567.566000,0.865173
1568.567000,0.873796
1569.568000,0.828733
1570.569000,0.755801
1571.570000,0.853546
1572.571000,0.702820
1573.572000,0.870735
1574.573000,0.546182
1575.574000,0.768042
1576.575000,0.798738
1577.576000,0.749638
1578.577000,0.898329
1579.578000,0.721996
1580.579000,0.705715
1581.580000,0.829001
1582.581000,0.916289
1583.582000,0.912134
1584.583000,0.690254
1585.584000,0.975215
1586.585000,0.672891
1587.586000,0.949018
1588.587000,0.543145
1589.588000,0.880910
1590.589000,0.694213
1591.590000,0.738978
1592.591000,0.867400
1593.592000,0.925577
1594.593000,0.948480
1595.594000,0.949675
1596.595000,0.604513
1597.596000,0.924610
1598.597000,0.746332
1599.598000,0.921719
1600.599000,0.859188
1601.600000,0.599930
1602.601000,0.915448
1603.602000,0.965192
1604.603000,0.620479
1605.604000,0.980877
1606.605000,0.783251
1607.606000,0.961661
1608.607000,0.578921
1609.608000,0.980347
1610.609000,0.609274
1611.610000,0.726366
1612.611000,0.767047
1613.612000,0.687110
1614.613000,0.991993
1615.614000,0.658374
1616.615000,0.671517
1617.616000,0.973358
1618.617000,0.607687
1619.618000,0.945748
1620.619000,0.659713
1621.620000,0.734398
1622.621000,0.957074
1623.622000,0.685190
1624.623000,0.948160
1625.624000,0.627377
1626.625000,0.980085
1627.626000,0.557559
1628.627000,0.635638
1629.628000,0.990367
1630.629000,0.571197
1631.630000,0.538375
1632.631000,0.963663
1633.632000,0.988685
1634.633000,0.597272
1635.634000,0.729705
1636.635000,0.650774
1637.636000,0.706410
1638.637000,0.700932
1639.638000,0.655322
1640.639000,0.639585
1641.640000,0.564314
1642.641000,0.953026
1643.642000,0.972584
1644.643000,0.665403
1645.644000,0.755857
1646.645000,0.826173
1647.646000,0.685846
1648.647000,0.954615
1649.648000,0.957345
1650.649000,0.681247
1651.650000,0.959194
1652.651000,0.720613
1653.652000,0.931176
1654.653000,0.629485
1655.654000,0.712650
1656.655000,0.710724
1657.656000,0.946659
1658.657000,0.978375
1659.658000,0.562113
1660.659000,0.949230
1661.660000,0.948948
1662.661000,0.501154
1663.662000,0.986648
1664.663000,0.987771
1665.664000,0.612423
1666.665000,0.829002
1667.666000,0.725502
1668.667000,0.927558
1669.668000,0.977798
1670.669000,0.985213
1671.670000,0.972175
1672.671000,0.970579
1673.672000,0.977514
1674.673000,0.947019
1675.674000,0.953202
1676.675000,0.976738
1677.676000,0.961355
1678.677000,0.795060
1679.678000,0.947089
1680.679000,0.938954
1681.680000,0.916871
1682.681000,0.931261
1683.682000,0.737679
1684.683000,0.967474
1685.684000,0.747165
1686.685000,0.971542
1687.686000,0.941752
1688.687000,0.975248
1689.688000,0.901660
1690.689000,0.885060
1691.690000,0.644344
1692.691000,0.803163
1693.692000,0.659353
1694.693000,0.941152
1695.694000,0.944109
1696.695000,0.654190
1697.696000,0.982467
1698.697000,0.668114
1699.698000,0.891250
1700.699000,0.908947
1701.700000,0.927420
1702.701000,0.921604
1703.702000,0.919486
1704.703000,0.917675
1705.704000,0.912929
1706.705000,0.796562
1707.706000,0.774358
1708.707000,0.960156
1709.708000,0.947942
1710.709000,0.953361
1711.710000,0.933637
1712.711000,0.948055
1713.712000,0.944121
1714.713000,0.935973
1715.714000,0.949068
1716.715000,0.927992
1717.716000,0.927042
1718.717000,0.933006
1719.718000,0.932870
1720.719000,0.801349
1721.720000,0.649721
1722.721000,0.681244
1723.722000,0.916529
1724.723000,0.965931
1725.724000,0.911436
1726.725000,0.845201
1727.726000,0.679337
1728.727000,0.690910
1729.728000,0.559032
1730.729000,0.939286
1731.730000,0.894747
1732.731000,0.813449
1733.732000,0.769298
1734.733000,0.917159
1735.734000,0.680728
1736.735000,0.730814
1737.736000,0.625447
1738.737000,0.952782
1739.738000,0.945144
1740.739000,0.654282
1741.740000,0.791291
1742.741000,0.772068
1743.742000,0.597605
1744.743000,0.686847
1745.744000,0.938463
1746.745000,0.639504
1747.746000,0.891970
1748.747000,0.936406
1749.748000,0.948373
1750.749000,0.920019
1751.750000,0.728638
1752.751000,0.708394
1753.752000,0.919498
1754.753000,0.670421
1755.754000,0.948767
1756.755000,0.939014
1757.756000,0.939691
1758.757000,0.523311
1759.758000,0.896428
1760.759000,0.516302
1761.760000,0.873573
1762.761000,0.766806
1763.762000,0.793607
1764.763000,0.813119
1765.764000,0.896859
1766.765000,0.829091
1767.766000,0.908085
1768.767000,0.814484
1769.768000,0.698210
1770.769000,0.739725
1771.770000,0.972248
1772.771000,0.744291
1773.772000,0.850704
1774.773000,0.929939
1775.774000,0.708510
1776.775000,0.727347
1777.776000,0.660190
1778.777000,0.627969
1779.778000,0.902698
1780.779000,0.948825
1781.780000,0.917710
1782.781000,0.588974
1783.782000,0.795253
1784.783000,0.648901
1785.784000,0.896317
1786.785000,0.733250
1787.786000,0.686373
1788.787000,0.615463
1789.788000,0.628592
1790.789000,0.983974
1791.790000,0.621809
1792.791000,0.872041
1793.792000,0.877421
1794.793000,0.652363
1795.794000,0.947452
1796.795000,0.650473
1797.796000,0.955344
1798.797000,0.694073
1799.798000,0.944636
1800.799000,0.626180
1801.800000,0.730965
1802.801000,0.990417
1803.802000,0.647763
1804.803000,0.640789
1805.804000,0.889506
1806.805000,0.769822
1807.806000,0.651259
1808.807000,0.970876
1809.808000,0.686237
1810.809000,0.684850
1811.810000,0.688949
1812.811000,0.953824
1813.812000,0.699986
1814.813000,0.917249
1815.814000,0.695438
1816.815000,0.985409
1817.816000,0.752649
1818.817000,0.716679
1819.818000,0.963840
1820.819000,0.637449
1821.820000,0.735019
1822.821000,0.934100
1823.822000,0.683157
1824.823000,0.886988
1825.824000,0.963964
1826.825000,0.958518
1827.826000,0.700369
1828.827000,0.947125
1829.828000,0.689423
1830.829000,0.856327
1831.830000,0.698208
1832.831000,0.942385
1833.832000,0.718271
1834.833000,0.990714
1835.834000,0.774383
1836.835000,0.712980
1837.836000,0.718557
1838.837000,0.868769
1839.838000,0.955629
1840.839000,0.651550
1841.840000,0.947000
1842.841000,0.647994
1843.842000,0.647653
1844.843000,0.954434
1845.844000,0.686113
1846.845000,0.739586
1847.846000,0.936970
1848.847000,0.637596
1849.848000,0.991660
1850.849000,0.673040
1851.850000,0.984555
1852.851000,0.981495
1853.852000,0.708877
1854.853000,0.883182
1855.854000,0.701295
1856.855000,0.849439
1857.856000,0.630560
1858.857000,0.831044
1859.858000,0.677051
1860.859000,0.962805
1861.860000,0.940861
1862.861000,0.931330
1863.862000,0.679462
1864.863000,0.967832
1865.864000,0.676144
1866.865000,0.955119
1867.866000,0.742574
1868.867000,0.868509
1869.868000,0.701772
1870.869000,0.723885
1871.870000,0.720027
1872.871000,0.632536
1873.872000,0.966239
1874.873000,0.593019
1875.874000,0.963498
1876.875000,0.925814
1877.876000,0.690808
1878.877000,0.942995
1879.878000,0.932513
1880.879000,0.813547
1881.880000,0.699688
1882.881000,0.771137
1883.882000,0.940077
1884.883000,0.752696
1885.884000,0.769158
1886.885000,0.594151
1887.886000,0.701091
1888.887000,0.668728
1889.888000,0.675009
1890.889000,0.617468
1891.890000,0.564251
1892.891000,0.937157
1893.892000,0.672769
1894.893000,0.517515
1895.894000,0.602801
1896.895000,0.835473
1897.896000,0.825760
1898.897000,0.700110
1899.898000,0.973055
1900.899000,0.756780
1901.900000,0.449512
1902.901000,0.482582
1903.902000,0.968971
1904.903000,0.555717
1905.904000,0.955263
1906.905000,0.575519
1907.906000,0.973373
1908.907000,0.566962
1909.908000,0.891642
1910.909000,0.625040
1911.910000,0.969182
1912.911000,0.797177
1913.912000,0.556789
1914.913000,0.953940
1915.914000,0.581035
1916.915000,0.949821
1917.916000,0.958047
1918.917000,0.953286
1919.918000,0.961986
1920.919000,0.838164
1921.920000,0.970659
1922.921000,0.988129
1923.922000,0.863297
1924.923000,0.558493
1925.924000,0.900649
1926.925000,0.550096
1927.926000,0.977687
1928.927000,0.740171
1929.928000,0.982763
1930.929000,0.608126
1931.930000,0.997175
1932.931000,0.997503
1933.932000,0.995513
1934.933000,0.996513
1935.934000,0.613908
1936.935000,0.974083
1937.936000,0.864834
1938.937000,0.602708
1939.938000,0.974536
1940.939000,0.560569
1941.940000,0.506665
1942.941000,0.937849
1943.942000,0.980595
1944.943000,0.630823
1945.944000,0.994636
1946.945000,0.593203
1947.946000,0.565099
1948.947000,0.890799
1949.948000,0.671469
1950.949000,0.602574
1951.950000,0.610669
1952.951000,0.942342
1953.952000,0.589803
1954.953000,0.913568
1955.954000,0.954366
1956.955000,0.594816
1957.956000,0.972215
1958.957000,0.704098
1959.958000,0.714746
1960.959000,0.933274
1961.960000,0.459400
1962.961000,0.965573
1963.962000,0.476172
1964.963000,0.975193
1965.964000,0.970973
1966.965000,0.610938
1967.966000,0.980385
1968.967000,0.956409
1969.968000,0.723165
1970.969000,0.945403
1971.970000,0.884911
1972.971000,0.914504
1973.972000,0.921839
1974.973000,0.747808
1975.974000,0.995835
1976.975000,0.723185
1977.976000,0.965294
1978.977000,0.758988
1979.978000,0.998284
1980.979000,0.999156
1981.980000,0.624441
1982.981000,0.983416
1983.982000,0.601531
1984.983000,0.994437
1985.984000,0.992768
1986.985000,0.977499
1987.986000,0.976229
1988.987000,0.796942
1989.988000,0.890499
1990.989000,0.867200
1991.990000,0.761807
1992.991000,0.919767
1993.992000,0.940333
1994.993000,0.972078
1995.994000,0.923017
1996.995000,0.937319
1997.996000,0.566106
1998.997000,0.581342
1999.998000,0.920992
2000.999000,0.821707
2002.000000,0.984070
2003.001000,0.984112
2004.002000,0.680817
2005.003000,0.865016
2006.004000,0.889996
2007.005000,0.712699
2008.006000,0.980706
2009.007000,0.965242
2010.008000,0.727903
2011.009000,0.727702
2012.010000,0.955190
2013.011000,0.765713
2014.012000,0.896770
2015.013000,0.614281
2016.014000,0.587784
2017.015000,0.723706
2018.016000,0.925506
2019.017000,0.728256
2020.018000,0.797672
2021.019000,0.710709
2022.020000,0.779337
2023.021000,0.935183
2024.022000,0.734798
2025.023000,0.965936
2026.024000,0.958007
2027.025000,0.967616
2028.026000,0.760249
2029.027000,0.834543
2030.028000,0.563543
2031.029000,0.562892
2032.030000,0.904118
2033.031000,0.886618
2034.032000,0.907067
2035.033000,0.932507
2036.034000,0.602213
2037.035000,0.655052
2038.036000,0.616599
2039.037000,0.967221
2040.038000,0.824811
2041.039000,0.860661
2042.040000,0.905886
2043.041000,0.858835
2044.042000,0.889755
2045.043000,0.923708
2046.044000,0.747464
2047.045000,0.957683
2048.046000,0.831533
2049.047000,0.829353
2050.048000,0.780944
2051.049000,0.746908
2052.050000,0.933340
2053.051000,0.581495
2054.052000,0.958878
2055.053000,0.539208
2056.054000,0.799099
2057.055000,0.833567
2058.056000,0.899848
2059.057000,0.768856
2060.058000,0.767859
2061.059000,0.915845
2062.060000,0.831539
2063.061000,0.966933
2064.062000,0.877347
2065.063000,0.901013
2066.064000,0.829106
2067.065000,0.844973
2068.066000,0.879980
2069.067000,0.891192
2070.068000,0.770828
2071.069000,0.967690
2072.070000,0.784491
2073.071000,0.723726
2074.072000,0.649647
2075.073000,0.976031
2076.074000,0.813138
2077.075000,0.609599
2078.076000,0.812593
2079.077000,0.736251
2080.078000,0.915318
2081.079000,0.814813
2082.080000,0.724564
2083.081000,0.982372
2084.082000,0.693388
2085.083000,0.776161
2086.084000,0.809447
2087.085000,0.880989
2088.086000,0.970432
2089.087000,0.707403
2090.088000,0.977597
2091.089000,0.667448
2092.090000,0.679905
2093.091000,0.978723
2094.092000,0.625714
2095.093000,0.830889
2096.094000,0.949935
2097.095000,0.845348
2098.096000,0.959303
2099.097000,0.975049
2100.098000,0.790035
2101.099000,0.979588
2102.100000,0.987539
2103.101000,0.806402
2104.102000,0.982369
2105.103000,0.758228
2106.104000,0.986122
2107.105000,0.682769
2108.106000,0.675338
2109.107000,0.987803
2110.108000,0.990418
2111.109000,0.979888
2112.110000,0.590720
2113.111000,0.690438
2114.112000,0.630194
2115.113000,0.976896
2116.114000,0.618847
2117.115000,0.959402
2118.116000,0.728752
2119.117000,0.862734
2120.118000,0.860909
2121.119000,0.864220
2122.120000,0.936289
2123.121000,0.928648
2124.122000,0.948764
2125.123000,0.910279
2126.124000,0.598864
2127.125000,0.605452
2128.126000,0.969872
2129.127000,0.836253
2130.128000,0.660784
2131.129000,0.700345
2132.130000,0.916670
2133.131000,0.871417
2134.132000,0.941469
2135.133000,0.653769
2136.134000,0.606776
2137.135000,0.980648
2138.136000,0.864871
2139.137000,0.902366
2140.138000,0.640396
2141.139000,0.658943
2142.140000,0.751576
2143.141000,0.731505
2144.142000,0.729613
2145.143000,0.886265
2146.144000,0.896974
2147.145000,0.766420
2148.146000,0.759140
2149.147000,0.965278
2150.148000,0.736223
2151.149000,0.917582
2152.150000,0.840835
2153.151000,0.710272
2154.152000,0.570093
2155.153000,0.966629
2156.154000,0.774041
2157.155000,0.952677
2158.156000,0.872557
2159.157000,0.690408
2160.158000,0.614251
2161.159000,0.956666
2162.160000,0.924082
2163.161000,0.795180
2164.162000,0.931114
2165.163000,0.816842
2166.164000,0.963806
2167.165000,0.780709
2168.166000,0.918056
2169.167000,0.913263
2170.168000,0.584822
2171.169000,0.557511
2172.170000,0.959338
2173.171000,0.808492
2174.172000,0.922259
2175.173000,0.763577
2176.174000,0.773663
2177.175000,0.775182
2178.176000,0.752901
2179.177000,0.964732
2180.178000,0.973012
2181.179000,0.984752
2182.180000,0.785834
2183.181000,0.932456
2184.182000,0.946213
2185.183000,0.854292
2186.184000,0.930548
2187.185000,0.629438
2188.186000,0.937154
2189.187000,0.794180
2190.188000,0.961871
2191.189000,0.937810
2192.190000,0.941819
2193.191000,0.593407
2194.192000,0.948359
2195.193000,0.519024
2196.194000,0.970352
2197.195000,0.966214
2198.196000,0.716597
2199.197000,0.909540
2200.198000,0.898735
2201.199000,0.892177
2202.200000,0.864837
2203.201000,0.723472
2204.202000,0.993739
2205.203000,0.747490
2206.204000,0.880213
2207.205000,0.909851
2208.206000,0.742481
2209.207000,0.970545
2210.208000,0.951845
2211.209000,0.664169
2212.210000,0.803667
2213.211000,0.951170
2214.212000,0.710806
2215.213000,0.746425
2216.214000,0.881129
2217.215000,0.757929
2218.216000,0.633547
2219.217000,0.927168
2220.218000,0.802395
2221.219000,0.734341
2222.220000,0.880865
2223.221000,0.799025
2224.222000,0.630237
2225.223000,0.963939
2226.224000,0.667183
2227.225000,0.970987
2228.226000,0.780764
2229.227000,0.690688
2230.228000,0.614871
2231.229000,0.956011
2232.230000,0.933297
2233.231000,0.711299
2234.232000,0.921029
2235.233000,0.765351
2236.234000,0.780678
2237.235000,0.764177
2238.236000,0.661519
2239.237000,0.681985
2240.238000,0.955572
2241.239000,0.817797
2242.240000,0.708503
2243.241000,0.988558
2244.242000,0.987905
2245.243000,0.757907
2246.244000,0.960271
2247.245000,0.795980
2248.246000,0.579408
2249.247000,0.977681
2250.248000,0.956030
2251.249000,0.610872
2252.250000,0.952418
2253.251000,0.823997
2254.252000,0.928605
2255.253000,0.664553
2256.254000,0.968841
2257.255000,0.688299
2258.256000,0.963622
2259.257000,0.610864
2260.258000,0.754054
2261.259000,0.753746
2262.260000,0.944672
2263.261000,0.616103
2264.262000,0.937185
2265.263000,0.659321
2266.264000,0.950631
2267.265000,0.701351
2268.266000,0.639312
2269.267000,0.967422
2270.268000,0.975422
2271.269000,0.834357
2272.270000,0.598569
2273.271000,0.958867
2274.272000,0.957269
2275.273000,0.937446
2276.274000,0.591940
2277.275000,0.624816
2278.276000,0.924136
2279.277000,0.730979
2280.278000,0.975062
2281.279000,0.695983
2282.280000,0.905400
2283.281000,0.783799
2284.282000,0.636408
2285.283000,0.838541
2286.284000,0.685604
2287.285000,0.900735
2288.286000,0.581352
2289.287000,0.689273
2290.288000,0.979421
2291.289000,0.692414
2292.290000,0.593899
2293.291000,0.845046
2294.292000,0.611478
2295.293000,0.751103
2296.294000,0.928051
2297.295000,0.802222
2298.296000,0.709207
2299.297000,0.990358
2300.298000,0.732248
2301.299000,0.963009
2302.300000,0.776057
2303.301000,0.635336
2304.302000,0.699668
2305.303000,0.666836
2306.304000,0.725899
2307.305000,0.713197
2308.306000,0.896557
2309.307000,0.973682
2310.308000,0.630093
2311.309000,0.676877
2312.310000,0.755077
2313.311000,0.971613
2314.312000,0.945452
2315.313000,0.599528
2316.314000,0.956495
2317.315000,0.664312
2318.316000,0.590337
2319.317000,0.928042
2320.318000,0.928290
2321.319000,0.956285
2322.320000,0.692420
2323.321000,0.967882
2324.322000,0.970458
2325.323000,0.964150
2326.324000,0.675076
2327.325000,0.982704
2328.326000,0.983103
2329.327000,0.643419
2330.328000,0.969807
2331.329000,0.740657
2332.330000,0.977619
2333.331000,0.770203
2334.332000,0.950890
2335.333000,0.749968
2336.334000,0.974813
2337.335000,0.718260
2338.336000,0.516714
2339.337000,0.970672
2340.338000,0.544841
2341.339000,0.700910
2342.340000,0.900615
2343.341000,0.568035
2344.342000,0.948403
2345.343000,0.604734
2346.344000,0.928171
2347.345000,0.823242
2348.346000,0.894909
2349.347000,0.912998
2350.348000,0.895021
2351.349000,0.717749
2352.350000,0.771195
2353.351000,0.952431
2354.352000,0.952633
2355.353000,0.937787
2356.354000,0.828839
2357.355000,0.828905
2358.356000,0.889098
2359.357000,0.879572
2360.358000,0.834456
2361.359000,0.888299
2362.360000,0.871741
2363.361000,0.828348
2364.362000,0.746664
2365.363000,0.885689
2366.364000,0.917122
2367.365000,0.921302
2368.366000,0.941119
2369.367000,0.870868
2370.368000,0.910424
2371.369000,0.800606
2372.370000,0.754364
2373.371000,0.834940
2374.372000,0.800496
2375.373000,0.827099
2376.374000,0.901516
2377.375000,0.924383
2378.376000,0.785120
2379.377000,0.769561
2380.378000,0.936406
2381.379000,0.870468
2382.380000,0.890312
2383.381000,0.613150
2384.382000,0.744162
2385.383000,0.783445
2386.384000,0.888452
2387.385000,0.493195
2388.386000,0.523430
2389.387000,0.772218
2390.388000,0.901374
2391.389000,0.904420
2392.390000,0.913927
2393.391000,0.952623
2394.392000,0.844990
2395.393000,0.946646
2396.394000,0.823917
2397.395000,0.931095
2398.396000,0.931321
2399.397000,0.943600
2400.398000,0.877623
2401.399000,0.811276
2402.400000,0.759071
2403.401000,0.974370
2404.402000,0.870727
2405.403000,0.932665
2406.404000,0.942060
2407.405000,0.943814
2408.406000,0.926283
2409.407000,0.856265
2410.408000,0.734976
2411.409000,0.692155
2412.410000,0.766936
2413.411000,0.939241
2414.412000,0.762516
2415.413000,0.730512
2416.414000,0.893884
2417.415000,0.947932
2418.416000,0.908301
2419.417000,0.762172
2420.418000,0.892345
2421.419000,0.853198
2422.420000,0.904982
2423.421000,0.912361
2424.422000,0.925881
2425.423000,0.851302
2426.424000,0.896416
2427.425000,0.847467
2428.426000,0.718364
2429.427000,0.564802
2430.428000,0.930471
2431.429000,0.558283
2432.430000,0.489679
2433.431000,0.508152
2434.432000,0.830796
2435.433000,0.932993
2436.434000,0.953918
2437.435000,0.685702
2438.436000,0.765872
2439.437000,0.955602
2440.438000,0.792397
2441.439000,0.956731
2442.440000,0.682146
2443.441000,0.973242
2444.442000,0.746476
2445.443000,0.737359
2446.444000,0.656579
2447.445000,0.698026
2448.446000,0.984009
2449.447000,0.720607
2450.448000,0.919161
2451.449000,0.711556
2452.450000,0.983708
2453.451000,0.968702
2454.452000,0.757915
2455.453000,0.913856
2456.454000,0.588290
2457.455000,0.955038
2458.456000,0.652243
2459.457000,0.943016
2460.458000,0.558455
2461.459000,0.970544
2462.460000,0.709626
2463.461000,0.647943
2464.462000,0.978034
2465.463000,0.839478
2466.464000,0.990145
2467.465000,0.725294
2468.466000,0.599494
2469.467000,0.952612
2470.468000,0.640995
2471.469000,0.829660
2472.470000,0.708627
2473.471000,0.668097
2474.472000,0.942561
2475.473000,0.766700
2476.474000,0.993320
2477.475000,0.741773
2478.476000,0.958875
2479.477000,0.603879
2480.478000,0.978968
2481.479000,0.618695
2482.480000,0.918338
2483.481000,0.567750
2484.482000,0.673016
2485.483000,0.952891
2486.484000,0.800239
2487.485000,0.991438
2488.486000,0.811387
2489.487000,0.975308
2490.488000,0.672664
2491.489000,0.971048
2492.490000,0.636990
2493.491000,0.960630
2494.492000,0.789014
2495.493000,0.783565
2496.494000,0.969074
2497.495000,0.666554
2498.496000,0.666818
2499.497000,0.968003
2500.498000,0.708478
2501.499000,0.710299
2502.500000,0.692393
2503.501000,0.961904
2504.502000,0.973343
2505.503000,0.773461
2506.504000,0.596273
2507.505000,0.970071
2508.506000,0.631543
2509.507000,0.985446
2510.508000,0.648872
2511.509000,0.923994
2512.510000,0.665129
2513.511000,0.966023
2514.512000,0.604689
2515.513000,0.964807
2516.514000,0.725636
2517.515000,0.978384
2518.516000,0.822213
2519.517000,0.713000
2520.518000,0.958982
2521.519000,0.701216
2522.520000,0.975644
2523.521000,0.955095
2524.522000,0.983612
2525.523000,0.980631
2526.524000,0.962131
2527.525000,0.659238
2528.526000,0.624772
2529.527000,0.896816
2530.528000,0.713120
2531.529000,0.808785
2532.530000,0.962799
2533.531000,0.934262
2534.532000,0.696158
2535.533000,0.916595
2536.534000,0.866755
2537.535000,0.656008
2538.536000,0.764147
2539.537000,0.791959
2540.538000,0.698326
2541.539000,0.894407
2542.540000,0.669984
2543.541000,0.902329
2544.542000,0.669660
2545.543000,0.950075
2546.544000,0.781295
2547.545000,0.966017
2548.546000,0.733735
2549.547000,0.923506
2550.548000,0.749754
2551.549000,0.697025
2552.550000,0.682044
2553.551000,0.932299
2554.552000,0.682624
2555.553000,0.792300
2556.554000,0.863430
2557.555000,0.885353
2558.556000,0.615791
2559.557000,0.701441
2560.558000,0.952302
2561.559000,0.910551
2562.560000,0.718994
2563.561000,0.714398
2564.562000,0.899650
2565.563000,0.705572
2566.564000,0.633436
2567.565000,0.655485
2568.566000,0.930686
2569.567000,0.791617
2570.568000,0.858099
2571.569000,0.739185
2572.570000,0.770024
2573.571000,0.714657
2574.572000,0.954488
2575.573000,0.718472
2576.574000,0.892499
2577.575000,0.932689
2578.576000,0.735559
2579.577000,0.967879
2580.578000,0.762138
2581.579000,0.831088
2582.580000,0.919417
2583.581000,0.903663
2584.582000,0.825808
2585.583000,0.901374
2586.584000,0.944472
2587.585000,0.941533
2588.586000,0.809762
2589.587000,0.785186
2590.588000,0.887509
2591.589000,0.576255
2592.590000,0.712331
2593.591000,0.910566
2594.592000,0.700699
2595.593000,0.980429
2596.594000,0.692422
2597.595000,0.851283
2598.596000,0.965491
2599.597000,0.802721
2600.598000,0.990108
2601.599000,0.668273
2602.600000,0.992593
2603.601000,0.744952
2604.602000,0.980051
2605.603000,0.981640
2606.604000,0.963046
2607.605000,0.981527
2608.606000,0.794435
2609.607000,0.959787
2610.608000,0.972496
2611.609000,0.977060
2612.610000,0.637187
2613.611000,0.983851
2614.612000,0.605492
2615.613000,0.972139
2616.614000,0.969367
2617.615000,0.811478
2618.616000,0.990366
2619.617000,0.986117
2620.618000,0.787612
2621.619000,0.961560
2622.620000,0.966801
2623.621000,0.972710
2624.622000,0.965349
2625.623000,0.685156
2626.624000,0.953340
2627.625000,0.621502
2628.626000,0.975342
2629.627000,0.983320
2630.628000,0.819122
2631.629000,0.636851
2632.630000,0.977265
2633.631000,0.609065
2634.632000,0.980788
2635.633000,0.970655
2636.634000,0.598370
2637.635000,0.614590
2638.636000,0.958417
2639.637000,0.975410
2640.638000,0.790623
2641.639000,0.724459
2642.640000,0.944591
2643.641000,0.674696
2644.642000,0.660572
2645.643000,0.960737
2646.644000,0.796000
2647.645000,0.937413
2648.646000,0.786782
2649.647000,0.874817
2650.648000,0.883046
2651.649000,0.958595
2652.650000,0.904911
2653.651000,0.912473
2654.652000,0.912679
2655.653000,0.825676
2656.654000,0.921821
2657.655000,0.630688
2658.656000,0.888295
2659.657000,0.924753
2660.658000,0.598881
2661.659000,0.915252
2662.660000,0.954755
2663.661000,0.964998
2664.662000,0.944711
2665.663000,0.946393
2666.664000,0.918962
2667.665000,0.950440
2668.666000,0.741824
2669.667000,0.954032
2670.668000,0.735945
2671.669000,0.867446
2672.670000,0.670107
2673.671000,0.971896
2674.672000,0.563401
2675.673000,0.577486
2676.674000,0.983050
2677.675000,0.930822
2678.676000,0.905966
2679.677000,0.913203
2680.678000,0.684726
2681.679000,0.787003
2682.680000,0.919201
2683.681000,0.969302
2684.682000,0.981292
2685.683000,0.985059
2686.684000,0.927817
2687.685000,0.912930
2688.686000,0.897805
2689.687000,0.987554
2690.688000,0.967465
2691.689000,0.651838
2692.690000,0.898792
2693.691000,0.609075
2694.692000,0.974362
2695.693000,0.919316
2696.694000,0.947928
2697.695000,0.959779
2698.696000,0.722963
2699.697000,0.714924
2700.698000,0.951144
2701.699000,0.592536
2702.700000,0.977667
2703.701000,0.638121
2704.702000,0.928094
2705.703000,0.942558
2706.704000,0.929442
2707.705000,0.949876
2708.706000,0.926514
2709.707000,0.931607
2710.708000,0.958252
2711.709000,0.946365
2712.710000,0.949418
2713.711000,0.885555
2714.712000,0.910066
2715.713000,0.884468
2716.714000,0.858409
2717.715000,0.915763
2718.716000,0.755078
2719.717000,0.720742
2720.718000,0.932562
2721.719000,0.621700
2722.720000,0.608867
2723.721000,0.970764
2724.722000,0.950015
2725.723000,0.807601
2726.724000,0.888282
2727.725000,0.947200
2728.726000,0.944683
2729.727000,0.949008
2730.728000,0.928559
2731.729000,0.622694
2732.730000,0.641431
2733.731000,0.935483
2734.732000,0.920390
2735.733000,0.946446
2736.734000,0.963250
2737.735000,0.950947
2738.736000,0.948827
2739.737000,0.920380
2740.738000,0.963903
2741.739000,0.882637
2742.740000,0.941361
2743.741000,0.891467
2744.742000,0.953138
2745.743000,0.742713
2746.744000,0.737339
2747.745000,0.905330
2748.746000,0.916290
2749.747000,0.887481
2750.748000,0.984387
2751.749000,0.713880
2752.750000,0.938864
2753.751000,0.767981
2754.752000,0.979268
2755.753000,0.967243
2756.754000,0.796133
2757.755000,0.826837
2758.756000,0.608085
2759.757000,0.964328
2760.758000,0.911959
2761.759000,0.759665
2762.760000,0.971943
2763.761000,0.606781
2764.762000,0.965171
2765.763000,0.696987
2766.764000,0.628770
2767.765000,0.788111
2768.766000,0.807626
2769.767000,0.938123
2770.768000,0.965496
2771.769000,0.586439
2772.770000,0.913520
2773.771000,0.908497
2774.772000,0.903609
2775.773000,0.659378
2776.774000,0.956551
2777.775000,0.928414
2778.776000,0.901342
2779.777000,0.648235
2780.778000,0.980873
2781.779000,0.988577
2782.780000,0.746581
2783.781000,0.996767
2784.782000,0.740162
2785.783000,0.954467
2786.784000,0.536072
2787.785000,0.818082
2788.786000,0.871093
2789.787000,0.828228
2790.788000,0.589175
2791.789000,0.661584
2792.790000,0.953037
2793.791000,0.977377
2794.792000,0.657076
2795.793000,0.974767
2796.794000,0.611113
2797.795000,0.974627
2798.796000,0.976034
2799.797000,0.661044
2800.798000,0.962942
2801.799000,0.893655
2802.800000,0.941381
2803.801000,0.614312
2804.802000,0.828453
2805.803000,0.977185
2806.804000,0.962219
2807.805000,0.978926
2808.806000,0.593108
2809.807000,0.633889
2810.808000,0.976898
2811.809000,0.983384
2812.810000,0.686629
2813.811000,0.966838
2814.812000,0.961211
2815.813000,0.627334
2816.814000,0.936921
2817.815000,0.861632
2818.816000,0.967755
2819.817000,0.975168
2820.818000,0.650046
2821.819000,0.935847
2822.820000,0.633494
2823.821000,0.937235
2824.822000,0.960627
2825.823000,0.971809
2826.824000,0.831955
2827.825000,0.830291
2828.826000,0.601485
2829.827000,0.956260
2830.828000,0.603406
2831.829000,0.963258
2832.830000,0.595815
2833.831000,0.966178
2834.832000,0.902341
2835.833000,0.694886
2836.834000,0.688952
2837.835000,0.666073
2838.836000,0.941962
2839.837000,0.906795
2840.838000,0.773707
2841.839000,0.396766
2842.840000,0.636813
2843.841000,0.353322
2844.842000,0.991194
2845.843000,0.436432
2846.844000,0.979710
2847.845000,0.969293
2848.846000,0.953550
2849.847000,0.949023
2850.848000,0.594007
2851.849000,0.982274
2852.850000,0.599402
2853.851000,0.980576
2854.852000,0.562937
2855.853000,0.966250
2856.854000,0.984299
2857.855000,0.779136
2858.856000,0.786725
2859.857000,0.968052
2860.858000,0.821955
2861.859000,0.968314
2862.860000,0.795053
2863.861000,0.530418
2864.862000,0.629663
2865.863000,0.966580
2866.864000,0.581875
2867.865000,0.983503
2868.866000,0.987747
2869.867000,0.935656
2870.868000,0.658356
2871.869000,0.414985
2872.870000,0.981495
2873.871000,0.996758
2874.872000,0.660802
2875.873000,0.789981
2876.874000,0.533679
2877.875000,0.626730
2878.876000,0.810073
2879.877000,0.543038
2880.878000,0.431913
2881.879000,0.637455
2882.880000,0.566540
2883.881000,0.569901
2884.882000,0.975343
2885.883000,0.607099
2886.884000,0.960580
2887.885000,0.963797
2888.886000,0.953469
2889.887000,0.925851
2890.888000,0.935757
2891.889000,0.593544
2892.890000,0.573595
2893.891000,0.867016
2894.892000,0.921055
2895.893000,0.729917
2896.894000,0.617649
2897.895000,0.825979
2898.896000,0.783738
2899.897000,0.973345
2900.898000,0.985570
2901.899000,0.766026
2902.900000,0.870513
2903.901000,0.690722
2904.902000,0.621040
2905.903000,0.595892
2906.904000,0.625435
2907.905000,0.989301
2908.906000,0.451442
2909.907000,0.748169
2910.908000,0.995402
2911.909000,0.644475
2912.910000,0.993575
2913.911000,0.992513
2914.912000,0.976602
2915.913000,0.633540
2916.914000,0.987762
2917.915000,0.961419
2918.916000,0.606729
2919.917000,0.976545
2920.918000,0.961071
2921.919000,0.606607
2922.920000,0.971188
2923.921000,0.955529
2924.922000,0.951339
2925.923000,0.631004
2926.924000,0.854761
2927.925000,0.602703
2928.926000,0.929411
2929.927000,0.970153
2930.928000,0.655654
2931.929000,0.804032
2932.930000,0.919214
2933.931000,0.498706
2934.932000,0.478809
2935.933000,0.739423
2936.934000,0.913053
2937.935000,0.787426
2938.936000,0.661006
2939.937000,0.437837
2940.938000,0.823362
2941.939000,0.952018
2942.940000,0.451619
2943.941000,0.836578
2944.942000,0.986637
2945.943000,0.995074
2946.944000,0.637538
2947.945000,0.949768
2948.946000,0.716931
2949.947000,0.930782
2950.948000,0.806493
2951.949000,0.937777
2952.950000,0.865774
2953.951000,0.963643
2954.952000,0.705287
2955.953000,0.778750
2956.954000,0.983779
2957.955000,0.816801
2958.956000,0.625485
2959.957000,0.964431
2960.958000,0.845505
2961.959000,0.953976
2962.960000,0.866218
2963.961000,0.964598
2964.962000,0.934526
2965.963000,0.684048
2966.964000,0.915312
2967.965000,0.987964
2968.966000,0.954895
2969.967000,0.984480
2970.968000,0.968599
2971.969000,0.640876
2972.970000,0.894841
2973.971000,0.793622
2974.972000,0.901326
2975.973000,0.954111
2976.974000,0.921986
2977.975000,0.966384
2978.976000,0.921454
2979.977000,0.550353
2980.978000,0.912507
2981.979000,0.977542
2982.980000,0.502906
2983.981000,0.875099
2984.982000,0.672078
2985.983000,0.892613
2986.984000,0.718812
2987.985000,0.687019
2988.986000,0.917262
2989.987000,0.537483
2990.988000,0.983482
2991.989000,0.982681
2992.990000,0.975572
2993.991000,0.887356
2994.992000,0.899135
2995.993000,0.745274
2996.994000,0.903443
2997.995000,0.745829
2998.996000,0.963869
2999.997000,0.857353
3000.998000,0.980917
3001.999000,0.833653
3003.000000,0.977758
3004.001000,0.989014
3005.002000,0.828655
3006.003000,0.946180
3007.004000,0.871107
3008.005000,0.900935
3009.006000,0.878526
3010.007000,0.914686
3011.008000,0.980701
3012.009000,0.959432
3013.010000,0.887610
3014.011000,0.979136
3015.012000,0.866470
3016.013000,0.970976
3017.014000,0.848170
3018.015000,0.937696
3019.016000,0.959577
3020.017000,0.882721
3021.018000,0.956732
3022.019000,0.925288
3023.020000,0.924830
3024.021000,0.924960
3025.022000,0.889650
3026.023000,0.810269
3027.024000,0.908333
3028.025000,0.929011
3029.026000,0.721908
3030.027000,0.936742
3031.028000,0.726615
3032.029000,0.935804
3033.030000,0.765023
3034.031000,0.673422
3035.032000,0.957592
3036.033000,0.645338
3037.034000,0.954501
3038.035000,0.939809
3039.036000,0.969826
3040.037000,0.957839
3041.038000,0.750109
3042.039000,0.955315
3043.040000,0.805036
3044.041000,0.819622
3045.042000,0.986176
3046.043000,0.938151
3047.044000,0.862932
3048.045000,0.782727
3049.046000,0.660462
3050.047000,0.844386
3051.048000,0.905978
3052.049000,0.747480
3053.050000,0.972719
3054.051000,0.981013
3055.052000,0.972871
3056.053000,0.820241
3057.054000,0.960168
3058.055000,0.760689
3059.056000,0.946923
3060.057000,0.799211
3061.058000,0.936735
3062.059000,0.970906
3063.060000,0.957103
3064.061000,0.980153
3065.062000,0.950996
3066.063000,0.782840
3067.064000,0.546187
3068.065000,0.571250
3069.066000,0.643154
3070.067000,0.981848
3071.068000,0.624490
3072.069000,0.980851
3073.070000,0.686056
3074.071000,0.992429
3075.072000,0.738914
3076.073000,0.982005
3077.074000,0.977452
3078.075000,0.985714
3079.076000,0.640206
3080.077000,0.635216
3081.078000,0.985030
3082.079000,0.979697
3083.080000,0.985310
3084.081000,0.676071
3085.082000,0.985960
3086.083000,0.777120
3087.084000,0.993971
3088.085000,0.659603
3089.086000,0.953641
3090.087000,0.819941
3091.088000,0.647553
3092.089000,0.964045
3093.090000,0.674261
3094.091000,0.861106
3095.092000,0.793038
3096.093000,0.603618
3097.094000,0.983193
3098.095000,0.651226
3099.096000,0.975368
3100.097000,0.647092
3101.098000,0.988823
3102.099000,0.939072
3103.100000,0.763035
3104.101000,0.726589
3105.102000,0.746132
3106.103000,0.778642
3107.104000,0.986586
3108.105000,0.656431
3109.106000,0.636190
3110.107000,0.665643
3111.108000,0.963535
3112.109000,0.838833
3113.110000,0.968086
3114.111000,0.656969
3115.112000,0.822520
3116.113000,0.897268
3117.114000,0.712271
3118.115000,0.649622
3119.116000,0.994202
3120.117000,0.624521
3121.118000,0.992424
3122.119000,0.688709
3123.120000,0.992417
3124.121000,0.681718
3125.122000,0.983031
3126.123000,0.990019
3127.124000,0.930191
3128.125000,0.660177
3129.126000,0.709108
3130.127000,0.966790
3131.128000,0.742460
3132.129000,0.981013
3133.130000,0.730905
3134.131000,0.974922
3135.132000,0.776052
3136.133000,0.920350
3137.134000,0.947400
3138.135000,0.780398
3139.136000,0.957662
3140.137000,0.582979
3141.138000,0.853817
3142.139000,0.865236
3143.140000,0.780651
3144.141000,0.876498
3145.142000,0.899238
3146.143000,0.786724
3147.144000,0.896767
3148.145000,0.986833
3149.146000,0.833088
3150.147000,0.891420
3151.148000,0.976383
3152.149000,0.738289
3153.150000,0.857033
3154.151000,0.977855
3155.152000,0.977025
3156.153000,0.982340
3157.154000,0.652514
3158.155000,0.969007
3159.156000,0.713140
3160.157000,0.948219
3161.158000,0.489542
3162.159000,0.973482
3163.160000,0.578157
3164.161000,0.819974
3165.162000,0.962174
3166.163000,0.803780
3167.164000,0.863513
3168.165000,0.814130
3169.166000,0.990829
3170.167000,0.814706
3171.168000,0.988867
3172.169000,0.817642
3173.170000,0.981525
3174.171000,0.663620
3175.172000,0.618159
3176.173000,0.933246
3177.174000,0.973753
3178.175000,0.871068
3179.176000,0.700343
3180.177000,0.472814
3181.178000,0.908633
3182.179000,0.993754
3183.180000,0.992205
3184.181000,0.990752
3185.182000,0.537715
3186.183000,0.940725
3187.184000,0.911655
3188.185000,0.945306
3189.186000,0.956105
3190.187000,0.963927
3191.188000,0.945090
3192.189000,0.957257
3193.190000,0.959426
3194.191000,0.935207
3195.192000,0.876107
3196.193000,0.885735
3197.194000,0.839408
3198.195000,0.974932
3199.196000,0.984219
3200.197000,0.808739
3201.198000,0.957754
3202.199000,0.971800
3203.200000,0.729725
3204.201000,0.970962
3205.202000,0.985539
3206.203000,0.981312
3207.204000,0.970264
3208.205000,0.985422
3209.206000,0.981488
3210.207000,0.967164
3211.208000,0.988910
3212.209000,0.978488
3213.210000,0.979065
3214.211000,0.976197
3215.212000,0.982654
3216.213000,0.832315
3217.214000,0.971951
3218.215000,0.989421
3219.216000,0.992401
3220.217000,0.960951
3221.218000,0.950939
3222.219000,0.939939
3223.220000,0.959375
3224.221000,0.979973
3225.222000,0.977575
3226.223000,0.804628
3227.224000,0.975335
3228.225000,0.980619
3229.226000,0.824125
3230.227000,0.939192
3231.228000,0.971729
3232.229000,0.965455
3233.230000,0.808621
3234.231000,0.975873
3235.232000,0.973549
3236.233000,0.983416
3237.234000,0.992972
3238.235000,0.986124
3239.236000,0.983593
3240.237000,0.813475
3241.238000,0.931335
3242.239000,0.944436
3243.240000,0.679265
3244.241000,0.986461
3245.242000,0.607891
3246.243000,0.550548
3247.244000,0.970379
3248.245000,0.938393
3249.246000,0.924198
3250.247000,0.696025
3251.248000,0.981544
3252.249000,0.977365
3253.250000,0.983416
3254.251000,0.865224
3255.252000,0.956739
3256.253000,0.980842
3257.254000,0.985804
3258.255000,0.971938
3259.256000,0.944460
3260.257000,0.815864
3261.258000,0.926339
3262.259000,0.825594
3263.260000,0.963526
3264.261000,0.754671
3265.262000,0.988911
3266.263000,0.983716
3267.264000,0.816107
3268.265000,0.944456
3269.266000,0.934821
3270.267000,0.774099
3271.268000,0.972355
3272.269000,0.765475
3273.270000,0.930318
3274.271000,0.767805
3275.272000,0.805902
3276.273000,0.552179
3277.274000,0.941381
3278.275000,0.547245
3279.276000,0.941347
3280.277000,0.966100
3281.278000,0.957519
3282.279000,0.923165
3283.280000,0.958343
3284.281000,0.608078
3285.282000,0.974431
3286.283000,0.966822
3287.284000,0.979353
3288.285000,0.984619
3289.286000,0.592283
3290.287000,0.935983
3291.288000,0.896330
3292.289000,0.863627
3293.290000,0.989540
3294.291000,0.677420
3295.292000,0.884972
3296.293000,0.937533
3297.294000,0.869064
3298.295000,0.676475
3299.296000,0.891641
3300.297000,0.656855
3301.298000,0.925427
3302.299000,0.953652
3303.300000,0.980628
3304.301000,0.961304
3305.302000,0.930150
3306.303000,0.960803
3307.304000,0.944259
3308.305000,0.652661
3309.306000,0.668145
3310.307000,0.923930
3311.308000,0.557629
3312.309000,0.949675
3313.310000,0.954007
3314.311000,0.961654
3315.312000,0.975956
3316.313000,0.943093
3317.314000,0.962685
3318.315000,0.748084
3319.316000,0.955669
3320.317000,0.987056
3321.318000,0.810737
3322.319000,0.946865
3323.320000,0.954159
3324.321000,0.961928
3325.322000,0.952484
3326.323000,0.926162
3327.324000,0.951829
3328.325000,0.819470
3329.326000,0.984780
3330.327000,0.987217
3331.328000,0.968503
3332.329000,0.962422
3333.330000,0.985518
3334.331000,0.755439
3335.332000,0.961216
3336.333000,0.930196
3337.334000,0.945892
3338.335000,0.703756
3339.336000,0.986287
3340.337000,0.994199
3341.338000,0.695279
3342.339000,0.981725
3343.340000,0.948159
3344.341000,0.972669
3345.342000,0.966945
3346.343000,0.910829
3347.344000,0.939097
3348.345000,0.734229
3349.346000,0.953778
3350.347000,0.951012
3351.348000,0.930819
3352.349000,0.938599
3353.350000,0.935115
3354.351000,0.935735
3355.352000,0.615996
3356.353000,0.973641
3357.354000,0.988023
3358.355000,0.987637
3359.356000,0.609390
3360.357000,0.971695
3361.358000,0.692243
3362.359000,0.872940
3363.360000,0.834759
3364.361000,0.907151
3365.362000,0.944886
3366.363000,0.979795
3367.364000,0.499319
3368.365000,0.890429
3369.366000,0.913095
3370.367000,0.933134
3371.368000,0.686450
3372.369000,0.803805
3373.370000,0.814468
3374.371000,0.941370
3375.372000,0.944865
3376.373000,0.954401
3377.374000,0.557030
3378.375000,0.975434
3379.376000,0.993311
3380.377000,0.994286
3381.378000,0.473052
3382.379000,0.954879
3383.380000,0.842791
3384.381000,0.868183
